month,"['January', 'February', 'March', 'April', 'May', 'June', 'July', 'August', 'September', 'October', 'November', 'December']"
HauptVariablen,"[1756.0918573063516, 1808.783126505413, 6]"
WirtschaftlicheVariablen,"[4.05443647984878, 4.593935816868274]"
Historsche Daten,"[108305.69045538799, 541528.4522769399, 324917.07136616396, 216611.38091077597, 1083056.9045538798]"
WirtschaftlicheIndikatoren,"[2.275085302899098, 212317.30227192162, 8.33412852561334, 0.7337189876615358]"
optionaleDaten,"[83, 91, 81]"
